{
  "project_info": {
    "project_number": "599872334454",
    "firebase_url": "https://inspireme-d384c.firebaseio.com",
    "project_id": "inspireme-d384c",
    "storage_bucket": "inspireme-d384c.appspot.com"
  },
  "client": [
    {
      "client_info": {
        "mobilesdk_app_id": "1:599872334454:android:25e1e67f5bb8f66a488d57",
        "android_client_info": {
          "package_name": "com.example.inspaireme"
        }
      },
      "oauth_client": [
        {
          "client_id": "599872334454-h5mb5krjptn7pu56ohs6h68p2cv9vct5.apps.googleusercontent.com",
          "client_type": 1,
          "android_info": {
            "package_name": "com.example.inspaireme",
            "certificate_hash": "21307b548ed52328621129253f218fcf055618b3"
          }
        },
        {
          "client_id": "599872334454-7d1t7kadhhk7qfk6g77ab4ll58n4riut.apps.googleusercontent.com",
          "client_type": 3
        }
      ],
      "api_key": [
        {
          "current_key": "AIzaSyBzzl9imkZ1mzTaFF8qvzUSfZRwkcVXOJs"
        }
      ],
      "services": {
        "appinvite_service": {
          "other_platform_oauth_client": [
            {
              "client_id": "599872334454-7d1t7kadhhk7qfk6g77ab4ll58n4riut.apps.googleusercontent.com",
              "client_type": 3
            }
          ]
        }
      }
    },
    {
      "client_info": {
        "mobilesdk_app_id": "1:599872334454:android:e87485f4fd402e4b488d57",
        "android_client_info": {
          "package_name": "com.example.inspireme"
        }
      },
      "oauth_client": [
        {
          "client_id": "599872334454-9kjgklv0b2i90a9k97d5o975dt2h25m2.apps.googleusercontent.com",
          "client_type": 1,
          "android_info": {
            "package_name": "com.example.inspireme",
            "certificate_hash": "1227420af22b6147ce1448fb6060800ebe692c99"
          }
        },
        {
          "client_id": "599872334454-7d1t7kadhhk7qfk6g77ab4ll58n4riut.apps.googleusercontent.com",
          "client_type": 3
        }
      ],
      "api_key": [
        {
          "current_key": "AIzaSyBzzl9imkZ1mzTaFF8qvzUSfZRwkcVXOJs"
        }
      ],
      "services": {
        "appinvite_service": {
          "other_platform_oauth_client": [
            {
              "client_id": "599872334454-7d1t7kadhhk7qfk6g77ab4ll58n4riut.apps.googleusercontent.com",
              "client_type": 3
            }
          ]
        }
      }
    }
  ],
  "configuration_version": "1"
}